Subject,Course Title,Years
ACCY,Accounting and Accountancy II,"2010, 2011, 2012, 2013, 2014, 2015, 2016, 2017, 2018, 2019, 2020, 2021, 2022, 2023"
ACCY,Advanced Financial Reporting,"2014, 2015, 2016, 2017, 2018, 2019, 2020, 2021, 2022, 2023"
ACCY,Atg Measurement & Disclosure,"2010, 2011, 2012, 2013, 2014, 2015, 2016, 2017, 2018, 2019, 2020, 2021, 2022, 2023"
ACCY,Decision Making for Atg,"2010, 2011, 2012, 2013, 2014, 2015, 2016, 2017, 2018, 2019, 2020, 2021, 2022, 2023"
ACCY,Fundamentals of Accounting,"2010, 2011, 2012, 2013, 2014, 2015, 2016, 2017, 2018, 2019, 2020, 2021, 2022, 2023"
ACCY,Managerial Accounting,"2010, 2011, 2012, 2013, 2014, 2015, 2016, 2017, 2018, 2019, 2020, 2021, 2022, 2023"
ACE,Environmental Economics,"2010, 2011, 2013, 2014, 2015, 2016, 2017, 2018, 2019, 2020, 2021, 2022, 2023"
ACE,Microcomputer Applications,"2010, 2011, 2012, 2013, 2014, 2015, 2016, 2017, 2018, 2019, 2020, 2021, 2022, 2023"
ACE,Personal Financial Planning,"2010, 2011, 2012, 2013, 2014, 2015, 2016, 2017, 2018, 2019, 2020, 2021, 2022, 2023"
ADV,Introduction to Advertising,"2010, 2011, 2012, 2013, 2014, 2015, 2016, 2017, 2018, 2019, 2020, 2021, 2022, 2023, 2024"
ADV,Media Entrepreneurship,"2013, 2014, 2015, 2018, 2019, 2020, 2021, 2022, 2023"
AFRO,Intro to African American St,"2010, 2011, 2014, 2015, 2016, 2017, 2018, 2019, 2020, 2021, 2022, 2023, 2024"
AGED,Intro to Leadership Studies,"2010, 2011, 2012, 2013, 2014, 2015, 2016, 2017, 2018, 2019"
ANSC,Companion Animals in Society,"2010, 2011, 2012, 2013, 2014, 2015, 2016, 2017, 2018, 2019, 2020, 2021, 2022, 2023"
ANSC,Life With Animals and Biotech,"2010, 2011, 2012, 2013, 2014, 2015, 2016, 2017, 2018, 2019, 2020, 2021, 2022, 2023"
ANSC,World Animal Resources,"2010, 2011, 2013, 2014, 2015, 2016, 2017, 2018, 2019, 2020, 2021, 2022, 2023"
ANTH,Biology of Human Behavior,"2010, 2011, 2012, 2013, 2014, 2015, 2016, 2017, 2018, 2019, 2020, 2021, 2022, 2023"
ANTH,Forensic Science,"2011, 2012, 2013, 2014, 2015, 2016, 2017, 2018, 2019, 2020, 2021, 2022, 2023"
ANTH,The Archaeology of Death,"2010, 2011, 2012, 2013, 2014, 2015, 2016, 2017, 2018, 2019, 2020, 2021, 2022, 2023"
ART,Understanding Visual Culture,"2010, 2011, 2012, 2013, 2014, 2015, 2016, 2017, 2018, 2019, 2020, 2021, 2022, 2023"
ARTD,Chado (The Way of Tea),"2014, 2015, 2017, 2018, 2019, 2020, 2021"
ARTJ,Chado (The Way of Tea),"2021, 2022, 2023"
ARTS,Introduction to Fashion,"2020, 2021, 2022, 2023"
ASTR,Extraterrestrial Life,"2010, 2011, 2013, 2014, 2015, 2016, 2017, 2018, 2019, 2020, 2021, 2022, 2023, 2024"
ASTR,Introduction to Astronomy,"2012, 2013, 2014, 2015, 2016, 2017, 2018, 2019, 2020, 2021, 2022, 2023"
ATMS,Severe and Hazardous Weather,"2010, 2011, 2012, 2013, 2014, 2015, 2016, 2017, 2018, 2019, 2020, 2021, 2022, 2023, 2024"
BADM,Business Process Management,"2010, 2011, 2012, 2013, 2014, 2015, 2016, 2017, 2018"
BADM,Corporate & Commercial Law,"2018, 2019, 2020, 2021, 2022, 2023"
BADM,Global Business Horizons,"2013, 2014, 2018, 2019"
BADM,Human Resource Management,"2010, 2011, 2012, 2013, 2014, 2015, 2016, 2017, 2018, 2020, 2021"
BADM,IT for Networked Organizations,"2010, 2011, 2012, 2013, 2014, 2015, 2016, 2017, 2018, 2019, 2020, 2021, 2022, 2023, 2024"
BADM,International Business,"2010, 2011, 2012, 2013, 2014, 2015, 2016, 2017, 2018, 2019, 2020, 2021, 2022, 2023, 2024"
BADM,Leading Individuals and Teams,"2018, 2019, 2020, 2021, 2022, 2023"
BADM,Mgmt and Organizational Beh,"2010, 2011, 2012, 2013, 2014, 2015, 2016, 2017, 2018, 2019, 2020, 2021, 2022, 2023, 2024"
BADM,Operations Management,"2018, 2019, 2020, 2021, 2022, 2023, 2024"
BADM,Principles of Marketing,"2010, 2011, 2012, 2013, 2014, 2015, 2016, 2017, 2018, 2019, 2020, 2021, 2022, 2023, 2024"
BADM,Strategic Management,"2010, 2011, 2012, 2013, 2014, 2015, 2016, 2017, 2018, 2019, 2020, 2021, 2022, 2023"
BADM,The Legal Environment of Bus,"2010, 2011, 2012, 2013, 2014, 2015, 2016, 2017, 2018, 2019, 2020, 2021, 2022, 2023, 2024"
BTW,Principles Bus Comm,"2010, 2011, 2012, 2013, 2014, 2015, 2016, 2017, 2018, 2019, 2020, 2021, 2022, 2023"
CHBE,Thermodynamics,"2010, 2011, 2013, 2014, 2015, 2016, 2017, 2018, 2019, 2020, 2021, 2022, 2023"
CHEM,Elementary Organic Chemistry I,"2010, 2011, 2012, 2013, 2014, 2015, 2016, 2017, 2018, 2019, 2020, 2021, 2022, 2023"
CHEM,General Chemistry I,"2010, 2011, 2012, 2013, 2014, 2015, 2016, 2017, 2018, 2019, 2020, 2021, 2022, 2023"
CHEM,General Chemistry II,"2010, 2011, 2012, 2013, 2014, 2015, 2016, 2017, 2018, 2019, 2020, 2021, 2022, 2023"
CHEM,Physical Chemistry I,"2010, 2011, 2012, 2013, 2014, 2015, 2016, 2017, 2018, 2019, 2020, 2021, 2022, 2023"
CHLH,Contemporary Health,"2010, 2011, 2012, 2013, 2014, 2015, 2016, 2017, 2018, 2019, 2020, 2021, 2022, 2023"
CHLH,Drug Use and Abuse,"2010, 2011, 2012, 2013, 2014, 2015, 2016, 2017, 2018, 2019, 2020, 2021, 2022"
CHLH,Human Sexuality,"2010, 2011, 2012, 2013, 2014, 2015, 2016, 2017, 2018, 2019, 2020, 2021, 2022, 2023"
CHLH,Introduction to Epidemiology,"2010, 2011, 2012, 2013, 2014, 2015, 2016, 2017, 2018, 2019, 2020, 2021, 2022, 2023"
CHLH,Introduction to Public Health,"2010, 2011, 2012, 2013, 2014, 2015, 2016, 2017, 2018, 2019, 2020, 2021, 2022, 2023"
CI,Methods of Educational Inquiry,"2010, 2011, 2012, 2013, 2014, 2015, 2016, 2018, 2019, 2020, 2022"
CLCV,Amer Race&Ethnicity ClasicTrad,"2018, 2019, 2020, 2021, 2022, 2023"
CLCV,Medical Terms-GRK & LAT Roots,"2010, 2011, 2012, 2013, 2014, 2015, 2016, 2017, 2018, 2019, 2020, 2021, 2022, 2023"
CLCV,Mythology of Greece and Rome,"2010, 2011, 2012, 2013, 2014, 2015, 2016, 2017, 2018, 2019, 2020, 2021, 2022, 2023, 2024"
CMN,Family Communication,"2010, 2011, 2012, 2013, 2014, 2015, 2016, 2017, 2018, 2019, 2020, 2021, 2022, 2023"
CMN,Intro to Health Communication,"2010, 2011, 2012, 2013, 2014, 2015, 2016, 2017, 2018, 2019, 2020, 2021, 2022, 2023"
CMN,Intro to Organizational Comm,"2010, 2011, 2012, 2013, 2014, 2015, 2016, 2017, 2018, 2019, 2020, 2021, 2022, 2023"
CMN,Public Comm in Everyday Life,"2015, 2018, 2020, 2021, 2022, 2023"
CS,Data Visualization,"2021, 2022"
CS,Database Systems,"2010, 2011, 2012, 2013, 2014, 2015, 2016, 2017, 2018, 2019, 2020, 2021, 2022, 2023"
CS,Discrete Structures,"2010, 2011, 2012, 2013, 2014, 2015, 2016, 2017, 2018, 2019, 2020, 2021, 2022, 2023"
CS,Intro Computing: Non-Tech,"2010, 2011, 2012, 2013, 2014, 2015, 2016, 2017, 2018, 2019, 2020, 2021, 2022, 2023"
CS,Progrmg Languages & Compilers,"2010, 2011, 2012, 2013, 2014, 2015, 2016, 2017, 2018, 2019, 2020, 2021, 2022, 2023"
CS,Theory & Pract Data Cleaning,"2020, 2021"
DANC,Intro to Contemporary Dance,"2010, 2011, 2012, 2013, 2014, 2015, 2016, 2017, 2018, 2019, 2020, 2021, 2022, 2023"
ECE,Analog Signal Processing,"2010, 2011, 2012, 2013, 2014, 2015, 2016, 2017, 2018, 2019, 2020, 2021, 2022, 2023"
ECE,Computer Systems & Programming,"2015, 2016, 2017, 2018, 2019, 2020, 2021, 2022, 2023"
ECE,Digital Signal Processing,"2011, 2012, 2013, 2014, 2015, 2016, 2017, 2018, 2019, 2020, 2021, 2022, 2023"
ECE,Electrical & Electronic Ckts,"2018, 2019, 2020, 2021, 2022, 2023"
ECE,Electrical & Electronics Lab,"2018, 2019, 2020, 2021, 2022, 2023"
ECE,Fields and Waves I,"2010, 2011, 2012, 2013, 2014, 2015, 2016, 2017, 2018, 2019, 2020, 2021, 2022, 2023"
ECE,Probability with Engrg Applic,"2010, 2011, 2012, 2013, 2014, 2015, 2016, 2017, 2018, 2019, 2020, 2021, 2022, 2023"
ECON,Economic Statistics I,"2010, 2011, 2012, 2013, 2014, 2015, 2016, 2017, 2018, 2019, 2020, 2021, 2022, 2023, 2024"
ECON,Economic Statistics II,"2010, 2011, 2012, 2013, 2014, 2015, 2016, 2017, 2018, 2019, 2020, 2021, 2022, 2023"
ECON,Environmental Economics,"2015, 2016, 2017, 2018, 2019, 2020, 2021, 2022, 2023"
ECON,Game Theory,"2013, 2014, 2015, 2016, 2017, 2018, 2019, 2020, 2021, 2022, 2023"
ECON,Inter Macroeconomic Theory,"2010, 2011, 2012, 2013, 2014, 2015, 2016, 2017, 2018, 2019, 2020, 2021, 2022, 2023"
ECON,Inter Microeconomic Theory,"2010, 2011, 2012, 2013, 2014, 2015, 2016, 2017, 2018, 2019, 2020, 2021, 2022, 2023"
ECON,International Economics,"2010, 2011, 2012, 2013, 2014, 2015, 2016, 2017, 2018, 2019, 2020, 2021, 2022"
ECON,Intro to Applied Econometrics,"2011, 2012, 2013, 2014, 2015, 2016, 2017, 2018, 2019, 2020, 2021, 2022, 2023"
ECON,Macroeconomic Principles,"2010, 2011, 2012, 2013, 2014, 2015, 2016, 2017, 2018, 2019, 2020, 2021, 2022, 2023, 2024"
ECON,Macroeconomics for Business,"2010, 2011, 2012, 2013, 2014, 2015, 2016, 2017, 2018, 2019, 2020, 2021"
ECON,Microeconomic Principles,"2010, 2011, 2012, 2013, 2014, 2015, 2016, 2017, 2018, 2019, 2020, 2021, 2022, 2023, 2024"
EOL,"Diversity, Leadership & Policy","2017, 2018, 2019, 2020, 2021"
EOL,Poli & Cultural Context of Ed,"2017, 2019, 2020, 2021"
EPOL,"Diversity, Leadership & Policy","2021, 2022, 2023"
EPOL,Instruct & Train System Design,"2021, 2022, 2023"
EPOL,Methods of Educational Inquiry,"2017, 2018, 2019, 2020, 2021"
EPOL,Politics of Education,2022
EPS,Politics of Education,"2013, 2019, 2020, 2021"
EPSY,Learning & Hum Dev w/ EdTech,"2018, 2020, 2021, 2022, 2023"
ERAM,Methods of Educational Inquiry,2022
ESE,Environmental Writing,"2013, 2014, 2015, 2017, 2018, 2019, 2020, 2021, 2022, 2023, 2024"
FAA,Introduction to Fashion,"2015, 2016, 2017, 2018, 2020, 2021"
FIN,Corporate Finance,"2010, 2011, 2012, 2013, 2014, 2015, 2016, 2017, 2018, 2019, 2020, 2021, 2022, 2023"
FIN,Personal Wealth Management,"2010, 2011, 2012, 2013, 2014, 2015, 2016, 2017, 2018, 2019, 2020, 2021, 2022, 2023"
FR,Elementary French I,"2010, 2011, 2012, 2013, 2014, 2015, 2016, 2020, 2021"
FSHN,Contemporary Nutrition,"2010, 2011, 2012, 2013, 2014, 2015, 2016, 2017, 2018, 2019, 2020, 2021, 2022, 2023"
GEOG,Cities of the World,"2011, 2012, 2013, 2014, 2015, 2016, 2017, 2018, 2019, 2020, 2021, 2022"
GEOG,Contemp Social & Env Problems,"2010, 2011, 2013, 2014, 2015, 2016"
GEOG,Global Development&Environment,"2014, 2015, 2016, 2017, 2018, 2019, 2020, 2021, 2022"
GEOL,Natural Disasters,"2010, 2011, 2012, 2013, 2014, 2015, 2016, 2017, 2018, 2019, 2020, 2021, 2022, 2023"
GEOL,The Oceans,"2010, 2011, 2012, 2013, 2014, 2015, 2016, 2017, 2018, 2019, 2020, 2021, 2023"
GGIS,Cities of the World,"2022, 2023, 2024"
GGIS,Global Development&Environment,"2022, 2023"
HDFS,Intro to Human Development,"2010, 2011, 2012, 2013, 2014, 2015, 2016, 2017, 2018, 2019, 2020, 2021, 2022, 2023"
HIST,Global History,"2010, 2011, 2012, 2013, 2014, 2015, 2016, 2017, 2018, 2019, 2020, 2021, 2022, 2023"
HIST,The Automobile,"2011, 2017, 2018, 2020, 2021, 2023"
HRD,Economics of Human Resources,2022
HRD,Instruct & Train System Design,"2019, 2020, 2021, 2023"
IB,Genomics and Human Health,"2017, 2018, 2019, 2020, 2021, 2022, 2023"
IB,Organismal & Evolutionary Biol,"2010, 2011, 2013, 2014, 2015, 2016, 2017, 2018, 2019, 2020, 2021, 2022, 2023"
IS,Collection Development,"2017, 2018, 2019, 2020, 2021, 2022, 2023"
IS,Data Visualization,"2017, 2018, 2019, 2020, 2021, 2022, 2023"
IS,Instruc Strat Tech Info Prof,"2017, 2019, 2020, 2021, 2023"
IS,Intr to Bibliographic Metadata,"2018, 2020, 2021"
IS,Libraries Info and Society,"2017, 2018, 2019, 2020, 2021, 2022, 2023"
IS,Rare Book and Spec Colls,"2017, 2020, 2021"
IS,Reference and Info Services,"2017, 2018, 2019, 2020, 2021, 2022, 2023"
IS,Theory & Pract Data Cleaning,"2018, 2019, 2020"
JOUR,Introduction to Journalism,"2011, 2012, 2013, 2014, 2015, 2016, 2017, 2018, 2019, 2020, 2021, 2022, 2023"
KIN,Physical Activity and Health,"2010, 2011, 2012, 2013, 2014, 2015, 2016, 2017, 2018, 2019, 2020, 2021, 2022, 2023"
KIN,Soc & Psych of Phys Activity,"2010, 2011, 2012, 2013, 2014, 2015, 2016, 2017, 2018, 2019, 2020, 2021, 2022, 2023"
LAW,Corporate Finance,"2011, 2019"
LEAD,Intro to Leadership Studies,"2020, 2021"
LER,Collective Bargaining,"2011, 2012, 2013, 2014, 2015, 2016, 2017, 2018, 2019, 2020, 2021, 2022, 2023"
LER,Economics of Human Resources,"2010, 2011, 2013, 2014, 2015, 2016, 2017, 2018, 2019, 2020, 2021, 2022"
LING,Intro to Language Science,"2010, 2011, 2012, 2013, 2014, 2015, 2016, 2017, 2018, 2019, 2020, 2021, 2022, 2023"
LIS,Collection Development,"2011, 2012, 2013, 2014, 2016, 2017"
LIS,Data Visualization,2017
LIS,Intr to Bibliographic Metadata,"2012, 2013, 2014, 2015, 2017"
LIS,Libraries Info and Society,"2010, 2011, 2012, 2013, 2014, 2015, 2016, 2017"
LIS,Rare Book and Spec Colls,"2010, 2012, 2013, 2014, 2015, 2016"
LIS,Reference and Info Services,"2010, 2011, 2012, 2013, 2014, 2015, 2016, 2017"
LLS,Intro Latina/Latino Studies,"2010, 2011, 2012, 2013, 2014, 2015, 2016, 2017, 2018, 2019, 2020, 2021, 2022, 2023"
MACS,Sex & Gender in Popular Media,"2011, 2012, 2013, 2014, 2015, 2016, 2017, 2018, 2019, 2020, 2021, 2022, 2023, 2024"
MATH,Abstract Linear Algebra,"2010, 2011, 2012, 2013, 2014, 2015, 2016, 2017, 2018, 2019, 2020, 2021, 2022, 2023"
MATH,Applied Linear Algebra,"2010, 2011, 2012, 2013, 2014, 2015, 2016, 2017, 2018, 2019, 2020, 2021, 2022, 2023"
MATH,Calculus,"2010, 2011, 2012, 2013, 2014, 2015, 2016, 2017, 2018, 2019, 2020, 2021, 2022, 2023"
MATH,Calculus II,"2010, 2011, 2012, 2013, 2014, 2015, 2016, 2017, 2018, 2019, 2020, 2021, 2022, 2023"
MATH,Calculus III,"2010, 2011, 2012, 2013, 2014, 2015, 2016, 2017, 2018, 2019, 2020, 2021, 2022, 2023"
MATH,Differential Equations,"2010, 2011, 2012, 2013, 2014, 2015, 2016, 2017, 2018, 2019, 2020, 2021, 2022, 2023"
MATH,Intro Differential Equations,"2010, 2011, 2012, 2013, 2014, 2015, 2016, 2017, 2018, 2019, 2020, 2021, 2022, 2023"
MATH,Intro to Abstract Algebra,"2010, 2011, 2012, 2013, 2014, 2015, 2016, 2017, 2018, 2019, 2020, 2021, 2022, 2023"
MATH,Intro to Differential Eq Plus,"2010, 2011, 2012, 2013, 2014, 2015, 2016, 2017, 2018, 2019, 2020, 2021, 2022"
MBA,Global Business Horizons,"2020, 2021, 2022"
MBA,Operations Management,"2017, 2018, 2019"
MCB,"Cells, Tissues & Development","2010, 2011, 2012, 2013, 2014, 2015, 2016, 2017, 2018, 2019, 2020, 2021, 2022, 2023"
MCB,Introductory Biochemistry,"2010, 2011, 2012, 2013, 2014, 2015, 2016, 2017, 2018, 2019, 2020, 2021, 2022, 2023"
ME,Thermodynamics,"2010, 2011, 2012, 2013, 2014, 2015, 2016, 2017, 2018, 2019, 2020, 2021, 2022, 2023"
MS,Sex & Gender in Popular Media,"2010, 2011"
MUS,Introd to the Art of Music,"2010, 2011, 2012, 2013, 2014, 2015, 2016, 2017, 2018, 2019, 2020, 2021"
MUS,Introduction to World Music,"2010, 2011, 2012, 2013, 2014, 2015, 2016, 2017, 2018, 2019, 2020, 2021, 2022, 2023, 2024"
MUS,Popular Music Studies,"2015, 2020, 2021, 2022, 2023, 2024"
PHIL,Logic and Reasoning,"2010, 2011, 2012, 2013, 2014, 2015, 2016, 2017, 2018, 2019, 2020, 2021, 2022, 2023"
PHYS,College Physics: E&M & Modern,"2010, 2011, 2012, 2013, 2014, 2015, 2016, 2017, 2018, 2019, 2020, 2021, 2022, 2023"
PHYS,College Physics: Mech & Heat,"2010, 2011, 2012, 2013, 2014, 2015, 2016, 2017, 2018, 2019, 2020, 2021, 2022, 2023"
PHYS,Univ Physics: Quantum Physics,"2010, 2011, 2012, 2013, 2014, 2015, 2016, 2017, 2018, 2019, 2020, 2021, 2022, 2023"
PHYS,Univ Physics: Thermal Physics,"2010, 2011, 2012, 2013, 2014, 2015, 2016, 2017, 2018, 2019, 2020, 2021, 2022, 2023"
PHYS,University Physics: Elec & Mag,"2010, 2011, 2012, 2013, 2014, 2015, 2016, 2017, 2018, 2019, 2020, 2021, 2022, 2023"
PHYS,University Physics: Mechanics,"2010, 2011, 2012, 2013, 2014, 2015, 2016, 2017, 2018, 2019, 2020, 2021, 2022, 2023"
PS,Comp Politics in Dev Nations,"2010, 2011, 2012, 2014, 2015, 2016, 2017, 2018, 2019, 2020, 2021, 2023, 2024"
PS,Politics of the European Union,"2010, 2011, 2013, 2014, 2015, 2017, 2018, 2019, 2020, 2021"
PS,Politics of the National Parks,"2016, 2017, 2018, 2019, 2020, 2021, 2023"
PS,The US Supreme Court,"2012, 2014, 2015, 2018, 2019, 2020, 2021, 2022, 2023"
PSYC,Child Psych,"2010, 2011, 2012, 2013, 2014, 2015, 2016, 2017, 2018, 2019, 2020, 2021, 2022, 2023"
PSYC,Cognitive Psych,"2010, 2011, 2012, 2013, 2014, 2015, 2016, 2017, 2018, 2019, 2020, 2021, 2022, 2023"
PSYC,Human Sexuality,2018
PSYC,Industrial Org Psych,"2010, 2011, 2012, 2013, 2014, 2015, 2016, 2017, 2018, 2019, 2020, 2021, 2022, 2023"
PSYC,Intro Psych,"2010, 2011, 2012, 2013, 2014, 2015, 2016, 2017, 2018, 2019, 2020, 2021, 2022, 2023, 2024"
PSYC,Intro to Brain and Cognition,"2010, 2011, 2014, 2015, 2016, 2017, 2018, 2019, 2020, 2021, 2022, 2023, 2024"
PSYC,Intro to Social Psych,"2010, 2011, 2012, 2013, 2014, 2015, 2016, 2017, 2018, 2019, 2020, 2021, 2022, 2023"
PSYC,Perception & Sensory Processes,"2010, 2011, 2012, 2013, 2014, 2015, 2016, 2017, 2018, 2019, 2020, 2021, 2022, 2023, 2024"
PSYC,Psychopathol & Probs in Living,"2017, 2018, 2019, 2020, 2021, 2022, 2023"
PSYC,Topics in Clin/Comm Psych,"2010, 2011, 2020, 2021, 2022"
REHB,Disability in American Society,"2010, 2011, 2012, 2013, 2014, 2015, 2016, 2017, 2018, 2019, 2020, 2021, 2022, 2023, 2024"
REL,World Religions,"2017, 2018, 2019, 2020, 2021, 2022, 2023, 2024"
RLST,World Religions,"2010, 2011, 2012, 2013, 2014, 2015, 2016, 2017"
RST,Nature and American Culture,"2013, 2014, 2015, 2016, 2017, 2018, 2019, 2020, 2021, 2022, 2023"
RST,RST in Modern Society,"2014, 2015, 2016, 2017, 2018, 2019, 2020, 2021, 2022, 2023, 2024"
RST,Strategic Management,"2011, 2016"
SOC,Criminology,"2011, 2013, 2014, 2015, 2016, 2017, 2018, 2019, 2020, 2021, 2022, 2023"
SOC,Introduction to Sociology,"2010, 2011, 2012, 2013, 2014, 2015, 2016, 2017, 2018, 2019, 2020, 2021, 2022, 2023, 2024"
SOC,Sociology of Deviance,"2011, 2013, 2014, 2015, 2016, 2017, 2018, 2019, 2020, 2021, 2022, 2023"
SOC,Sociology of Gender,"2016, 2017, 2018, 2019, 2020, 2021, 2022, 2023, 2024"
SOCW,Behav and Cogn Methods for SW,"2010, 2011, 2012, 2013, 2015, 2016, 2017, 2019, 2020, 2021, 2022"
SOCW,SW Practice with Groups,"2010, 2011, 2015, 2018, 2020, 2021"
SOCW,Social Welfare Pol and Svcs,"2010, 2011, 2012, 2013, 2014, 2015, 2016, 2017, 2018, 2019, 2020, 2021, 2022, 2023"
SPAN,Bilingualism,"2011, 2015, 2016, 2017, 2018, 2019, 2020, 2021, 2023"
SPAN,Elementary Spanish II,"2017, 2018, 2020, 2021, 2022"
SPAN,Intermediate Spanish,"2010, 2011, 2015, 2018, 2019, 2020, 2021, 2022, 2023, 2024"
SPAN,Spanish Composition,"2015, 2016, 2017, 2018, 2019, 2020, 2021"
SPAN,Spanish in the Professions,"2011, 2017, 2018, 2019, 2020, 2021, 2022, 2023, 2024"
SPED,The Culture of Disability,"2010, 2011, 2012, 2013, 2014, 2015, 2016, 2017, 2018, 2019, 2020, 2021, 2022, 2023"
STAT,Advanced Data Analysis,"2010, 2011, 2012, 2013, 2014, 2015, 2016, 2017, 2018, 2019, 2020, 2021, 2022, 2023"
STAT,Methods of Applied Statistics,"2010, 2011, 2012, 2013, 2014, 2015, 2016, 2017, 2018, 2019, 2020, 2021, 2022, 2023"
STAT,Statistical Analysis,"2010, 2011, 2012, 2013, 2014, 2015, 2016, 2017, 2018, 2019, 2020, 2021, 2022, 2023"
STAT,Statistical Data Management,"2010, 2011, 2012, 2013, 2014, 2015, 2016, 2017, 2018, 2019, 2020, 2021, 2022, 2023"
STAT,Statistics,"2010, 2011, 2012, 2013, 2014, 2015, 2016, 2017, 2018, 2019, 2020, 2021, 2022, 2023"
STAT,Statistics and Probability I,"2010, 2011, 2012, 2013, 2014, 2015, 2016, 2017, 2018, 2019, 2020, 2021, 2022, 2023"
STAT,Statistics and Probability II,"2010, 2011, 2012, 2013, 2014, 2015, 2016, 2017, 2018, 2019, 2020, 2021, 2022, 2023"
TAM,Introductory Dynamics,"2010, 2011, 2012, 2013, 2014, 2015, 2016, 2017, 2018, 2019, 2020, 2021, 2022, 2023"
TAM,Introductory Fluid Mechanics,"2010, 2011, 2012, 2013, 2014, 2015, 2016, 2017, 2018, 2019, 2020, 2021, 2022, 2023"
TAM,Introductory Solid Mechanics,"2010, 2011, 2012, 2013, 2014, 2015, 2016, 2017, 2018, 2019, 2020, 2021, 2022, 2023"
THEA,Broadway Musicals,"2016, 2017, 2018, 2019, 2020, 2021, 2022, 2023"
THEA,Introduction to Theatre Arts,"2010, 2011, 2012, 2013, 2014, 2015, 2016, 2017, 2018, 2019, 2020, 2021, 2022, 2023"
